9symml_aig.txt,422
C1355_aig.txt,1008
C17_aig.txt,12
C1908_aig.txt,828
C2670_aig.txt,1448
C3540_aig.txt,2076
C432_aig.txt,418
C499_aig.txt,800
C5315_aig.txt,3557
C6288_aig.txt,4674
C7552_aig.txt,4149
C880_aig.txt,654
alu2_aig.txt,802
alu4_aig.txt,1470
apex6_aig.txt,1318
apex7_aig.txt,442
b1_aig.txt,25
b9_aig.txt,213
c8_aig.txt,338
cc_aig.txt,118
cht_aig.txt,370
cm138a_aig.txt,32
cm150a_aig.txt,122
cm151a_aig.txt,59
cm152a_aig.txt,42
cm162a_aig.txt,76
cm163a_aig.txt,72
cm42a_aig.txt,36
cm82a_aig.txt,40
cm85a_aig.txt,72
cmb_aig.txt,94
comp_aig.txt,220
cordic_aig.txt,166
count_aig.txt,254
cu_aig.txt,111
dalu_aig.txt,2742
decod_aig.txt,60
des_aig.txt,8246
example2_aig.txt,540
f51m_aig.txt,279
frg1_aig.txt,252
frg2_aig.txt,2334
go_aig.txt,123
i10_aig.txt,5361
i1_aig.txt,74
i2_aig.txt,464
i3_aig.txt,252
i5_aig.txt,626
i6_aig.txt,1384
i7_aig.txt,1808
i8_aig.txt,6620
i9_aig.txt,1778
jc1_aig.txt,24
jc2_aig.txt,8
k2_aig.txt,3996
lal_aig.txt,219
majority_aig.txt,16
mux_aig.txt,172
my_adder_aig.txt,352
pair_aig.txt,3000
parity_aig.txt,90
pcle_aig.txt,110
pcler8_aig.txt,142
pm1_aig.txt,97
rot_aig.txt,1102
sct_aig.txt,174
t481_aig.txt,3748
t_aig.txt,12
tcon_aig.txt,64
term1_aig.txt,623
too_large_aig.txt,1648
ttt2_aig.txt,436
unreg_aig.txt,224
vda_aig.txt,1848
x1_aig.txt,754
x2_aig.txt,108
x3_aig.txt,1666
x4_aig.txt,884
z4ml_aig.txt,94
